Geo_Point;Geo_Shape;nom;street;No
43.6000778625, 1.44931801794;{"type": "Point", "coordinates": [1.449318017941393, 43.60007786245958]};PLACE SAINT ETIENNE;PL SAINT ETIENNE;14
43.5962857887, 1.44712909119;{"type": "Point", "coordinates": [1.447129091191995, 43.596285788668276]};OZENNE - NAZARETH;RUE THEODORE OZENNE;10
43.5998933097, 1.42946748828;{"type": "Point", "coordinates": [1.429467488283193, 43.59989330966812]};JARDIN RAYMOND VI;ALL CHARLES DE FITTE;76
43.6112623008, 1.4380734892;{"type": "Point", "coordinates": [1.438073489198071, 43.61126230080942]};LASCROSSES -  PLACE ARNAUD BERNARD;BD LASCROSSES;3B
43.6074477564, 1.4542531648;{"type": "Point", "coordinates": [1.454253164796721, 43.60744775641957]};PISCINE LEO LAGRANGE;RUE DES SEPT TROUBADOURS;54
43.6058190675, 1.45283559935;{"type": "Point", "coordinates": [1.452835599345174, 43.605819067453226]};PLACE DE DAMLOUP;PL DE DAMLOUP;2
43.6270624409, 1.43402945575;{"type": "Point", "coordinates": [1.434029455745734, 43.62706244089124]};BARRIERE DE PARIS;BRE DE PARIS;00
43.5876387848, 1.4598495052;{"type": "Point", "coordinates": [1.459849505196883, 43.587638784777816]};PONT DES DEMOISELLES;ALL DES DEMOISELLES;80
43.6046781027, 1.44952828207;{"type": "Point", "coordinates": [1.449528282070613, 43.60467810271876]};CARNOT -  TROIS JOURNEES;BD LAZARE CARNOT;69
43.5981319833, 1.43140332849;{"type": "Point", "coordinates": [1.43140332849084, 43.59813198330841]};PLACE INT ST CYPRIEN DARRE;PL INTERIEURE ST CYPRIEN;14
43.5966227093, 1.45560757526;{"type": "Point", "coordinates": [1.455607575263944, 43.59662270925102]};SABATIER - PORT ST SAUVEUR;ALL PAUL SABATIER;16
43.6080099354, 1.42860286856;{"type": "Point", "coordinates": [1.42860286855771, 43.608009935378085]};HERACLES - BEARNAIS;RUE DU BEARNAIS;23
43.6088961907, 1.4530070198;{"type": "Point", "coordinates": [1.4530070197967, 43.608896190746115]};JAURES  -  STALINGRAD;ALL JEAN JAURES;71T
43.6095901704, 1.43040129112;{"type": "Point", "coordinates": [1.430401291118368, 43.60959017035665]};SEBASTOPOL - LASCROSSES;RUE DE SEBASTOPOL;1
43.6056186711, 1.43449255912;{"type": "Point", "coordinates": [1.434492559117631, 43.605618671087626]};DUPORTAL - CANAL DE BRIENNE;BD ARMAND DUPORTAL;1
43.5969150023, 1.42621995844;{"type": "Point", "coordinates": [1.426219958441036, 43.59691500234311]};BILLIERES - POSTE;AV ETIENNE BILLIERES;39
43.616959762, 1.45426742657;{"type": "Point", "coordinates": [1.454267426571888, 43.61695976203266]};ECOLE BONNEFOY;RUE DU FAUBOURG BONNEFOY;18
43.6074815108, 1.45171127289;{"type": "Point", "coordinates": [1.451711272893721, 43.607481510816584]};JAURES -  BACHELIER;ALL JEAN JAURES;60
43.6229744495, 1.43445042874;{"type": "Point", "coordinates": [1.434450428744692, 43.622974449488865]};MINIMES - BAQUE;AV DES MINIMES;101
43.5967115559, 1.42430427461;{"type": "Point", "coordinates": [1.424304274606457, 43.5967115558939]};BILLIERES -  PATTE D OIE;AV ETIENNE BILLIERES;66T
43.5923261194, 1.44907945575;{"type": "Point", "coordinates": [1.449079455754988, 43.592326119405904]};MUSEUM  -  DUMERIL;RUE ALFRED DUMERIL;58
43.5924441698, 1.45792809521;{"type": "Point", "coordinates": [1.457928095207076, 43.59244416979375]};BD MONTPLAISIR -  CANAL;BD MONPLAISIR;8
43.5905939965, 1.44529342012;{"type": "Point", "coordinates": [1.445293420115391, 43.590593996540946]};ST MICHEL - STE CATHERINE;GRANDE-RUE SAINT MICHEL;139
43.5854214865, 1.45301555155;{"type": "Point", "coordinates": [1.453015551550502, 43.58542148650607]};PLACE RUSSEL -  BRANLY;ALL EDOUARD BRANLY;47
43.5899454385, 1.43219351659;{"type": "Point", "coordinates": [1.432193516586127, 43.58994543847627]};MURET -  BARTHERE;AV DE MURET;223B
43.6142277867, 1.4380432683;{"type": "Point", "coordinates": [1.438043268300888, 43.614227786727334]};SERRES -  CABANEL;RUE ALEXANDRE CABANEL;16
43.6023178414, 1.4255371289;{"type": "Point", "coordinates": [1.425537128903929, 43.602317841402375]};THEATRE GARONNE;AV DU CHATEAU D EAU;4
43.61560262, 1.42836374212;{"type": "Point", "coordinates": [1.428363742120968, 43.615602620030835]};SANG DE SERP DAGNAUX;CHE DU SANG DE SERP;57
43.6246222645, 1.44311909743;{"type": "Point", "coordinates": [1.443119097429021, 43.62462226453625]};CURIE NEGRENEYS;BD PIERRE ET MARIE CURIE;27
43.6241333206, 1.43848239495;{"type": "Point", "coordinates": [1.438482394954704, 43.624133320615066]};THEATRE DES MAZADES;AV DES MAZADES;10
43.6153965466, 1.44858154177;{"type": "Point", "coordinates": [1.44858154177121, 43.61539654660261]};RAISIN;CHE DU RAISIN;2
43.5797667669, 1.46001451741;{"type": "Point", "coordinates": [1.460014517407889, 43.57976676688256]};METRO SAOUZELONG;AV ALBERT BEDOUCE;77
43.5815724707, 1.46242017599;{"type": "Point", "coordinates": [1.462420175988542, 43.581572470701246]};BEDOUCE CANAL DU MIDI;AV ALBERT BEDOUCE;115
43.6265865357, 1.45877424738;{"type": "Point", "coordinates": [1.458774247384103, 43.62658653572091]};BILA;PL BILA;1
43.6285741118, 1.44819976763;{"type": "Point", "coordinates": [1.448199767632988, 43.62857411176401]};MAUNOURY PISAN;AV MAURICE BOURGES MAUNOURY;9
43.6113246752, 1.45679944036;{"type": "Point", "coordinates": [1.456799440355592, 43.611324675199185]};LEDUC;RUE RENE LEDUC;5
43.6068412894, 1.45804986996;{"type": "Point", "coordinates": [1.458049869956853, 43.60684128936947]};GENERAL COMPANS;RUE DU GEN JEAN COMPANS;1
43.612229853, 1.47754712624;{"type": "Point", "coordinates": [1.477547126240095, 43.61222985301434]};PLACE SOUPETARD;PL DE SOUPETARD;3
43.6092533843, 1.47995638245;{"type": "Point", "coordinates": [1.479956382451087, 43.60925338434415]};PLANA GARNIER;RUE LOUIS PLANA;27
43.5845764258, 1.41570681318;{"type": "Point", "coordinates": [1.415706813175606, 43.58457642584108]};DESBALS MONT DORE;RUE HENRI DESBALS;187
43.5900181346, 1.41520209844;{"type": "Point", "coordinates": [1.415202098440148, 43.59001813459135]};ST SIMON QUATORZE JUILLET;RTE DE SAINT SIMON;395
43.6152177968, 1.46545891345;{"type": "Point", "coordinates": [1.465458913452782, 43.61521779676601]};CRETES CHAUMIERES;RUE DE LA CHAUMIERE;0
43.6227619027, 1.47404258889;{"type": "Point", "coordinates": [1.474042588885385, 43.6227619027018]};ARGOULETS HOUDON;RUE JEAN HOUDON;3
43.614565694, 1.41121089957;{"type": "Point", "coordinates": [1.411210899567453, 43.61456569400828]};PUCCINI BLAGNAC;RUE GIACOMO PUCCINI;35
43.5745711571, 1.40213704131;{"type": "Point", "coordinates": [1.402137041306263, 43.57457115709285]};TABAR UNIVERSITE;RUE UNIVERSITE DU MIRAIL;3
43.5764436931, 1.40666358575;{"type": "Point", "coordinates": [1.406663585745594, 43.576443693078694]};VAUQUELIN;RUE NICOLAS L VAUQUELIN;85
43.6041619433, 1.40726460664;{"type": "Point", "coordinates": [1.407264606636005, 43.60416194326168]};FONTAINES CASSELARDIT;RUE DES FONTAINES;292
43.6280995726, 1.45149691297;{"type": "Point", "coordinates": [1.451496912972016, 43.62809957263249]};LOUIN RAYNAL;RUE PIERRETTE LOUIN;4
43.6410053602, 1.44854596556;{"type": "Point", "coordinates": [1.448545965556452, 43.64100536022816]};BOUQUETINS ROSTAND;RUE EDMOND ROSTAND;139
43.6143142236, 1.4617646007;{"type": "Point", "coordinates": [1.461764600696849, 43.61431422357151]};JOLIMONT;AV LEON BLUM;26
43.5939923678, 1.4102831821;{"type": "Point", "coordinates": [1.410283182097564, 43.593992367802606]};LOMBEZ HIPPODROME;AV DE LOMBEZ;93
43.6305222244, 1.43234645778;{"type": "Point", "coordinates": [1.432346457784361, 43.63052222437632]};ETATS UNIS  CHARLAS;AV DES ETATS UNIS;75
43.5932005795, 1.42442781969;{"type": "Point", "coordinates": [1.424427819687436, 43.59320057953024]};CUGNAUX GRAVETTE;RUE DE CUGNAUX;66
43.5739078905, 1.44855240068;{"type": "Point", "coordinates": [1.448552400676191, 43.57390789051081]};CHARBONNIÈRE;RUE DE LA CHARBONNIERE;
43.5814509455, 1.38878379916;{"type": "Point", "coordinates": [1.388783799161274, 43.58145094547684]};PLACE DES PRADETTES;PL DES PRADETTES;
43.5791571885, 1.39260607284;{"type": "Point", "coordinates": [1.392606072837418, 43.57915718847198]};IZAR;RPT LOUIS IZAR;
43.5814678307, 1.37979179964;{"type": "Point", "coordinates": [1.379791799637351, 43.58146783068809]};MARIN;CHE DU MARIN;
43.5837779038, 1.40641531228;{"type": "Point", "coordinates": [1.40641531228392, 43.58377790375025]};PLACE CAMPAN;PL LOUIS CAMPAN;
43.6048803141, 1.4452839319;{"type": "Point", "coordinates": [1.445283931896369, 43.604880314142136]};LAFAYETTE;RUE LAFAYETTE;21
43.5946166266, 1.45588906937;{"type": "Point", "coordinates": [1.455889069369296, 43.594616626555165]};CAPTAINERIE PORT  - ST SAUVEUR;PORT SAINT SAUVEUR;5
43.6032696509, 1.44550808378;{"type": "Point", "coordinates": [1.445508083775763, 43.603269650920645]};POMME;RUE DE LA POMME;62
43.5984630863, 1.43669274179;{"type": "Point", "coordinates": [1.436692741794254, 43.59846308625473]};CHATEAU D EAU;PL LAGANNE;12
43.5966673942, 1.43623710388;{"type": "Point", "coordinates": [1.436237103877684, 43.59666739418037]};LAGANNE - TEINTURIERS;RUE LAGANNE;37
43.6152600218, 1.4350552616;{"type": "Point", "coordinates": [1.435055261597384, 43.61526002175326]};HOTEL DE DEPARTEMENT;BD DE LA MARQUETTE;1
43.6102092923, 1.43502297471;{"type": "Point", "coordinates": [1.435022974713734, 43.61020929231464]};DUPORTAL -  LASCROSSES;BD LASCROSSES;17T
43.612382621, 1.45141348961;{"type": "Point", "coordinates": [1.451413489607009, 43.61238262099422]};RAYMOND IV;RUE RAYMOND IV;00
43.6095720528, 1.44934651483;{"type": "Point", "coordinates": [1.449346514827589, 43.60957205278695]};PLACE SCHUMAN;PL ROBERT SCHUMAN;5
43.6034948597, 1.43608294062;{"type": "Point", "coordinates": [1.436082940622407, 43.6034948596875]};PLACE SAINT PIERRE;PL SAINT PIERRE;6
43.6032144995, 1.44812935019;{"type": "Point", "coordinates": [1.448129350187563, 43.60321449954822]};ESPACE SAINT GEORGES;RUE PAUL VIDAL;19
43.6029215981, 1.45172699116;{"type": "Point", "coordinates": [1.45172699115784, 43.60292159809713]};CARNOT ROLAND;BD LAZARE CARNOT;24
43.5978399224, 1.45165488886;{"type": "Point", "coordinates": [1.451654888855738, 43.59783992243578]};PALAIS NIEL;ALL FORAIN FRANCOIS VERDIER;1
43.5979899231, 1.44291181173;{"type": "Point", "coordinates": [1.442911811729471, 43.59798992309633]};DALBADE - DE GORSSE;RUE HENRY DE GORSSE;9
43.5951394323, 1.43254537056;{"type": "Point", "coordinates": [1.432545370556561, 43.59513943226889]};FITTE -  CUGNAUX;ALL CHARLES DE FITTE;23
43.5977807803, 1.43161735088;{"type": "Point", "coordinates": [1.431617350882172, 43.5977807803226]};PLACE INT SAINT CYPRIEN;PL INTERIEURE ST CYPRIEN;2
43.5985644556, 1.43505005327;{"type": "Point", "coordinates": [1.435050053267574, 43.59856445556356]};REPUBLIQUE - PLACE OLIVIER;RUE DE LA REPUBLIQUE;34
43.606136318, 1.44135064795;{"type": "Point", "coordinates": [1.441350647947544, 43.60613631802489]};LOIS -  ESQUILE;RUE DE L ESQUILE;1
43.6104694123, 1.4527560251;{"type": "Point", "coordinates": [1.45275602509899, 43.610469412286804]};BONREPOS;BD DE BONREPOS;8T
43.6126464509, 1.44845740689;{"type": "Point", "coordinates": [1.44845740689087, 43.61264645090925]};ROQUELAINE;PL ROQUELAINE;32
43.5932599871, 1.4350626278;{"type": "Point", "coordinates": [1.435062627804635, 43.593259987104005]};COURS DILLON;RUE LAGANNE;3
43.5995803722, 1.441400726;{"type": "Point", "coordinates": [1.441400725999804, 43.59958037216279]};COUTELIERS -  METZ;RUE DES COUTELIERS;52
43.6020011332, 1.41484301583;{"type": "Point", "coordinates": [1.414843015834944, 43.60200113321408]};FONTAINES MILHES;RUE DES FONTAINES;190
43.6197021555, 1.42917415173;{"type": "Point", "coordinates": [1.429174151725691, 43.6197021555423]};CHAUSSAS DAUDET;RUE DE CHAUSSAS;96
43.5795579841, 1.44194779748;{"type": "Point", "coordinates": [1.4419477974753, 43.57955798406746]};METRO EMPALOT;AV JEAN MOULIN;38
43.5829164365, 1.44859626279;{"type": "Point", "coordinates": [1.448596262790887, 43.58291643650024]};URSS RECOLLETS;AV DE L URSS;16B
43.5808838977, 1.44916001925;{"type": "Point", "coordinates": [1.449160019247092, 43.58088389771854]};URSS ST THOMAS D AQUIN;AV DE L URSS;55
43.5766426282, 1.45484622844;{"type": "Point", "coordinates": [1.454846228441906, 43.57664262821756]};RANGUEIL BEDOUCE;AV DE RANGUEIL;35
43.576865802, 1.46013616858;{"type": "Point", "coordinates": [1.460136168583298, 43.57686580199079]};AVIONS LIBELLULES;AV DES AVIONS;35
43.6428719804, 1.46110410307;{"type": "Point", "coordinates": [1.461104103073536, 43.642871980395505]};RPT POINT LAFFORGUE;RPT DE L ABBE G. LAFFORGUE;0
43.6369206349, 1.45267805539;{"type": "Point", "coordinates": [1.452678055388736, 43.63692063493003]};BOURGES MAUNOURY MELAT;AV MAURICE BOURGES MAUNOURY;41
43.6193116595, 1.46872867952;{"type": "Point", "coordinates": [1.468728679515408, 43.619311659537054]};PLACE DE LA ROSERAIE;AV YVES BRUNAUD;98
43.6169503757, 1.4736208229;{"type": "Point", "coordinates": [1.473620822896019, 43.61695037566303]};CASSAING PLANA;CHE CASSAING;4
43.6271953439, 1.46560543398;{"type": "Point", "coordinates": [1.465605433980293, 43.62719534391426]};ROUBICHOU ARLES;RUE ROUBICHOU;30
43.5815292409, 1.42546059831;{"type": "Point", "coordinates": [1.425460598314955, 43.58152924085271]};MURET BOUTINON;AV DE MURET;44
43.5773029258, 1.42399290177;{"type": "Point", "coordinates": [1.42399290177347, 43.57730292582678]};OUSTALOUS;RTE D ESPAGNE;39
43.587777109, 1.40955573438;{"type": "Point", "coordinates": [1.409555734375369, 43.58777710897651]};ST SIMON PRADO;RTE DE SAINT SIMON;355
43.6018357449, 1.45801583559;{"type": "Point", "coordinates": [1.458015835593863, 43.60183574489812]};GOUJON PUJOL;RUE JEAN GOUJON;10
43.6003011978, 1.46404891285;{"type": "Point", "coordinates": [1.464048912851146, 43.60030119779862]};CASERNE PERIGNON;AV LOUIS BLERIOT;6
43.5914894288, 1.47001711409;{"type": "Point", "coordinates": [1.470017114088184, 43.591489428754166]};DELTOUR RIEUX;BD DELTOUR;4
43.5911810321, 1.4800885792;{"type": "Point", "coordinates": [1.480088579202143, 43.591181032149976]};LIMAYRAC DARASSE;ALL DE LIMAYRAC;
43.5895508476, 1.47888635352;{"type": "Point", "coordinates": [1.478886353524036, 43.589550847633085]};BAROUX DARASSE;AV LUCIEN BAROUX;4
43.6410709316, 1.46647604379;{"type": "Point", "coordinates": [1.46647604379252, 43.64107093158611]};ALBI PELET;RTE D ALBI;191
43.6238241259, 1.47593975587;{"type": "Point", "coordinates": [1.475939755873738, 43.62382412586767]};METRO ARGOULETS;RUE DE GAILLAC;8
43.6276650594, 1.46194309592;{"type": "Point", "coordinates": [1.46194309591631, 43.62766505935879]};AMOUROUX SAINTE AUGUSTINE;CHE AMOUROUX;24B
43.5680384337, 1.4644474838;{"type": "Point", "coordinates": [1.464447483795627, 43.56803843370946]};METRO PHARMACIE;CHE DES MARAICHERS;35
43.5673543907, 1.46778361536;{"type": "Point", "coordinates": [1.467783615355583, 43.56735439073572]};RANGUEIL TRIPODE B;AV DE RANGUEIL;141
43.5769775349, 1.46949669041;{"type": "Point", "coordinates": [1.469496690406513, 43.576977534904564]};LESPINET HERBETTES;AV DE LESPINET;127
43.599839619, 1.41509868701;{"type": "Point", "coordinates": [1.415098687010605, 43.59983961897599]};GRANDE BRETAGNE BADIOU;AV DE GRANDE BRETAGNE;103B
43.6038189181, 1.42008058359;{"type": "Point", "coordinates": [1.420080583592901, 43.603818918064164]};WAGNER BRUNHES;BD RICHARD WAGNER;29
43.5622903583, 1.48095852119;{"type": "Point", "coordinates": [1.480958521186139, 43.56229035832073]};BELIN C.N.R.S.;AV EDOUARD BELIN;16
43.6383040631, 1.46502966621;{"type": "Point", "coordinates": [1.465029666208326, 43.63830406314297]};MAIRIE CROIX DAURADE;RTE D ALBI;159
43.5630766724, 1.4757812522;{"type": "Point", "coordinates": [1.475781252201485, 43.5630766723839]};CESR;AV DU COLONEL ROCHE;11
43.6268608283, 1.44399694174;{"type": "Point", "coordinates": [1.443996941735042, 43.62686082827993]};NEGRENEYS;RUE DE NEGRENEYS;161
43.6115437366, 1.41453821966;{"type": "Point", "coordinates": [1.414538219661377, 43.61154373661914]};BERNIES POSTE;RTE DE BLAGNAC;15
43.6474935582, 1.43264037251;{"type": "Point", "coordinates": [1.432640372514435, 43.647493558171995]};PLACE RICHÉ;PL PAUL RICHE;
43.6406279902, 1.44024551974;{"type": "Point", "coordinates": [1.440245519736814, 43.640627990248454]};VAN DYCK;RUE ANTOINE VAN DYCK;
43.6291513909, 1.47628037112;{"type": "Point", "coordinates": [1.476280371124373, 43.62915139085707]};CAMBARD;RUE CAMBARD;
43.5739197476, 1.48392256764;{"type": "Point", "coordinates": [1.483922567644204, 43.573919747613125]};GONIN;RUE CLAUDE GONIN;
43.5787362372, 1.4467475124;{"type": "Point", "coordinates": [1.4467475124029, 43.57873623716405]};NIEL;RUE SAINT ROCH;
43.5650049725, 1.41039892853;{"type": "Point", "coordinates": [1.410398928525144, 43.56500497247343]};LAFOURGUETTE;PL DES GLIERES;
43.6141999519, 1.39706730933;{"type": "Point", "coordinates": [1.397067309333223, 43.614199951884686]};ARÈNES ROMAINES;AV DES ARENES ROMAINES;
43.6193313135, 1.3969881689;{"type": "Point", "coordinates": [1.396988168903307, 43.61933131345436]};ANCELY;AV DES ARENES ROMAINES;110
43.624003958, 1.4278275147;{"type": "Point", "coordinates": [1.427827514701507, 43.62400395795526]};TRENTIN;BD SILVIO TRENTIN;
43.5995226263, 1.4454725045;{"type": "Point", "coordinates": [1.445472504499364, 43.599522626333346]};PLACE ROUAIX;RUE DES TOURNEURS;1
43.6016309305, 1.45608133922;{"type": "Point", "coordinates": [1.456081339224931, 43.60163093053496]};DAURIAC - ESCANDE;BD PR LEOPOLD ESCANDE;3
43.6149887505, 1.43291370931;{"type": "Point", "coordinates": [1.432913709307344, 43.61498875052995]};HOTEL DE POLICE;RUE DE CHAUSSAS;1
43.6056429267, 1.42802279231;{"type": "Point", "coordinates": [1.428022792308055, 43.6056429266892]};SEJOURNE - CATALANS;AV PAUL SEJOURNE;1
43.6063052572, 1.43840139063;{"type": "Point", "coordinates": [1.43840139062854, 43.60630525720918]};PLACE ANATOLE FRANCE;PL ANATOLE FRANCE;40
43.6076038636, 1.44130600071;{"type": "Point", "coordinates": [1.441306000706162, 43.60760386355083]};MUSEE ST RAYMOND;RUE DES TROIS RENARDS;8
43.6103968153, 1.44308450269;{"type": "Point", "coordinates": [1.443084502694961, 43.61039681533783]};MERLY -  ARCOLE;RUE MERLY;15
43.6086864892, 1.43944808948;{"type": "Point", "coordinates": [1.439448089478606, 43.60868648923386]};CHAINE;RUE DE LA CHAINE;10
43.6086981702, 1.43693343205;{"type": "Point", "coordinates": [1.436933432051792, 43.608698170188404]};PLACE SAINT JULIEN;PL SAINT JULIEN;0
43.6057674225, 1.44648864765;{"type": "Point", "coordinates": [1.44648864765214, 43.605767422525034]};PLACE VICTOR HUGO;RUE DU REMPART VILLENEUVE;6
43.6051357744, 1.44228102934;{"type": "Point", "coordinates": [1.442281029336915, 43.60513577442977]};LOIS;RUE DES LOIS;5
43.6090485214, 1.44269350834;{"type": "Point", "coordinates": [1.442693508344862, 43.60904852142678]};SAINT SERNIN  -  MERLY;RUE MERLY;1
43.6095960569, 1.44608782302;{"type": "Point", "coordinates": [1.446087823020402, 43.60959605693241]};SAINT LAZARE;PETITE-RUE SAINT LAZARE;2
43.6152867705, 1.4428779309;{"type": "Point", "coordinates": [1.442877930903226, 43.61528677053115]};MINIMES -  PASSERELLE;BD DES MINIMES;38B
43.594361052, 1.44096279942;{"type": "Point", "coordinates": [1.440962799420182, 43.5943610520265]};GARONNETTE;AV MAURICE HAURIOU;1
43.5947749915, 1.44399954164;{"type": "Point", "coordinates": [1.44399954163806, 43.59477499152488]};PLACE DU SALIN;PL DU SALIN;18
43.6046027773, 1.44042508492;{"type": "Point", "coordinates": [1.440425084918278, 43.604602777300705]};PARGAMINIERES;RUE PARGAMINIERES;66
43.600373178, 1.44490268995;{"type": "Point", "coordinates": [1.444902689951856, 43.60037317800617]};PLACE ESQUIROL;PL ETIENNE ESQUIROL;15
43.6078583887, 1.44666624291;{"type": "Point", "coordinates": [1.446666242913033, 43.60785838866716]};STRASBOURG  -  BAYARD;BD DE STRASBOURG;32
43.594306254, 1.44882209496;{"type": "Point", "coordinates": [1.448822094957896, 43.59430625400039]};MUSEUM;ALL JULES GUESDE;35
43.6027020651, 1.45444839893;{"type": "Point", "coordinates": [1.454448398925486, 43.60270206509418]};ST AUBIN  - CAMICHEL;RUE CHARLES CAMICHEL;1
43.6106821228, 1.4436208413;{"type": "Point", "coordinates": [1.443620841297196, 43.61068212276859]};CONCORDE -  ARCOLE;RUE DE LA CONCORDE;4
43.6145965267, 1.44353763512;{"type": "Point", "coordinates": [1.4435376351212, 43.61459652667697]};PRINTEMPS - INGRES;RUE DU PRINTEMPS;57
43.6134589692, 1.43024323237;{"type": "Point", "coordinates": [1.430243232371765, 43.613458969203634]};EMBOUCHURE -  HAEDENS;BD DE L EMBOUCHURE;57
43.6099785963, 1.4196129267;{"type": "Point", "coordinates": [1.419612926698242, 43.60997859625793]};CHAPOU;ALL DE BRIENNE;129
43.6084261192, 1.42386267118;{"type": "Point", "coordinates": [1.423862671181388, 43.60842611920062]};BRIENNE  -  PASSERELLE;ALL DE BRIENNE;99
43.5926435707, 1.43391008374;{"type": "Point", "coordinates": [1.43391008374255, 43.59264357069798]};PLACE DU FER A CHEVAL;PL DU FER A CHEVAL;5
43.5854539103, 1.4283605566;{"type": "Point", "coordinates": [1.428360556600613, 43.58545391027452]};CROIX DE PIERRE - DEODAT DE SEVERAC;BD DEODAT DE SEVERAC;2
43.6190127432, 1.45680421485;{"type": "Point", "coordinates": [1.456804214846672, 43.6190127432319]};EGLISE BONNEFOY;ALL DE L EGLISE BONNEFOY;8
43.593531204, 1.4530424939;{"type": "Point", "coordinates": [1.453042493901773, 43.5935312039993]};MISTRAL -  FLEURANCE;ALL FREDERIC MISTRAL;18
43.6009101182, 1.45072441426;{"type": "Point", "coordinates": [1.450724414255123, 43.60091011822928]};METZ  - REMPART ST ETIENNE;RUE DU REMPART ST ETIENNE;5
43.5955021269, 1.41843992755;{"type": "Point", "coordinates": [1.418439927550584, 43.5955021268761]};BARRIERE DE LOMBEZ;AV DE LOMBEZ;39
43.5878725608, 1.42458263002;{"type": "Point", "coordinates": [1.424582630015671, 43.58787256081316]};DEODAT DE SEVERAC;BD DEODAT DE SEVERAC;52
43.592964434, 1.44530594719;{"type": "Point", "coordinates": [1.445305947191189, 43.59296443395939]};GUESDE TRENTE SIX  PONTS;ALL JULES GUESDE;3
43.6059615375, 1.48174849522;{"type": "Point", "coordinates": [1.481748495217635, 43.60596153750452]};CHAUBET;AV JEAN CHAUBET;158
43.584293243, 1.42755810866;{"type": "Point", "coordinates": [1.427558108655031, 43.58429324304835]};MURET LAFAGE;AV DE MURET;121
43.5816739013, 1.47585362475;{"type": "Point", "coordinates": [1.475853624745652, 43.5816739013387]};SAINT EXUPERIY ECOLE COURREGE;AV ANTOINE DE ST EXUPERY;165
43.5858785218, 1.475006686;{"type": "Point", "coordinates": [1.475006685997372, 43.58587852179781]};COTTAGES RIEUX;AV DES COTTAGES;58
43.5868580251, 1.46318435935;{"type": "Point", "coordinates": [1.463184359345778, 43.586858025098415]};PL ROGER ARNAUD;PL ROGER ARNAUD;1
43.5833549065, 1.48194817912;{"type": "Point", "coordinates": [1.481948179118739, 43.583354906511474]};CHRIST ROI;RUE DE L AUDE;25
43.6008400856, 1.47355743952;{"type": "Point", "coordinates": [1.473557439522019, 43.60084008562664]};CASTRES ACHIARY;AV DE CASTRES;48
43.6297737136, 1.46654721089;{"type": "Point", "coordinates": [1.466547210887484, 43.6297737136156]};AMOUROUX SAINT TROPEZ;CHE AMOUROUX;42
43.5665194693, 1.45866363268;{"type": "Point", "coordinates": [1.458663632679737, 43.56651946927868]};NARBONNE SAHUQUE;RTE DE NARBONNE;105
43.5692062094, 1.45634916182;{"type": "Point", "coordinates": [1.45634916182147, 43.56920620937197]};NARBONNE MIROUSE;RTE DE NARBONNE;64
43.6326930124, 1.46315260711;{"type": "Point", "coordinates": [1.463152607112551, 43.63269301244163]};ALBI AVRANCHES;RTE D ALBI;78
43.6334896217, 1.43545887842;{"type": "Point", "coordinates": [1.435458878415498, 43.633489621653396]};METRO LA VACHE;RUE PAUL VERLAINE;8
43.5973131473, 1.40375645141;{"type": "Point", "coordinates": [1.403756451409072, 43.59731314731094]};TOEC ABBE LEMIRE;RUE DE L ABBE JULES LEMIRE;1
43.5793370009, 1.47308252565;{"type": "Point", "coordinates": [1.473082525654605, 43.579337000868954]};BUTTE HERBETTES;CHE DE LA BUTTE;50
43.6170088756, 1.40838826425;{"type": "Point", "coordinates": [1.408388264250025, 43.617008875586805]};JOB BLAGNAC;RTE DE BLAGNAC;112
43.6357875451, 1.44383583378;{"type": "Point", "coordinates": [1.44383583377536, 43.63578754512965]};RENAN VITRY;RUE ERNEST RENAN;93
43.6363599023, 1.43899830066;{"type": "Point", "coordinates": [1.438998300664665, 43.63635990231467]};LAUNAGUET AUDIBERT;RTE DE LAUNAGUET;112
43.5751086217, 1.4242382688;{"type": "Point", "coordinates": [1.424238268800916, 43.575108621734636]};ESPAGNE CHARPENTIER;RTE D ESPAGNE;57
43.5964357531, 1.48397542236;{"type": "Point", "coordinates": [1.483975422361297, 43.596435753141]};ROTONDE;AV DE CASTRES;
43.576930476, 1.44007581966;{"type": "Point", "coordinates": [1.440075819655087, 43.57693047598502]};SELLIER;ALL HENRI SELLIER;
43.5844422796, 1.3987146019;{"type": "Point", "coordinates": [1.398714601902059, 43.584442279611864]};PLACE JEAN BAYLET;AV JEAN BAYLET;
43.5854418001, 1.37726572031;{"type": "Point", "coordinates": [1.377265720307529, 43.58544180009329]};ZAMENHOF;ALL DU DR LEJZER L ZAMENHOF;
43.6085042631, 1.39719406406;{"type": "Point", "coordinates": [1.397194064057617, 43.60850426307545]};BAYLAC;AV DES ARENES ROMAINES;
43.6013069747, 1.45208030448;{"type": "Point", "coordinates": [1.452080304476543, 43.60130697471183]};MONUMENT AUX COMBATTANTS;BD LAZARE CARNOT;6
43.5990450941, 1.44039892006;{"type": "Point", "coordinates": [1.440398920057608, 43.59904509410674]};QUAI DE TOUNIS;QU DE TOUNIS;122B
43.5964570828, 1.45092834305;{"type": "Point", "coordinates": [1.450928343047422, 43.596457082787545]};JARDIN ROYAL;RUE DU HUIT MAI 1945;0
43.6054133518, 1.43241741661;{"type": "Point", "coordinates": [1.432417416612675, 43.6054133517932]};BRIENNE -  MANUFACTURE;ALL DE BRIENNE;19T
43.605078253, 1.43731413301;{"type": "Point", "coordinates": [1.437314133009276, 43.605078252950946]};VALADE;RUE VALADE;31
43.6086098111, 1.44360465962;{"type": "Point", "coordinates": [1.44360465961975, 43.608609811148234]};BERALDI;RUE HENRI BERALDI;11
43.6073900316, 1.43946241727;{"type": "Point", "coordinates": [1.439462417270893, 43.607390031617534]};SALENQUES;RUE DES SALENQUES;7
43.60104748, 1.43413355696;{"type": "Point", "coordinates": [1.434133556962295, 43.601047479959306]};PLACE LANGE;PL LANGE;1
43.607436201, 1.44465392586;{"type": "Point", "coordinates": [1.444653925856657, 43.60743620096081]};PERIGORD;RUE DE PERIGORD;26
43.6110568679, 1.43666783605;{"type": "Point", "coordinates": [1.436667836046304, 43.61105686790535]};ESP COMPANS CAFFARELLI;ESP COMPANS CAFFARELLI;1
43.613876865, 1.45148809226;{"type": "Point", "coordinates": [1.45148809225847, 43.613876865020266]};SEMARD -  GARE ROUTIERE;BD PIERRE SEMARD;73
43.6098356983, 1.45528002555;{"type": "Point", "coordinates": [1.455280025548708, 43.609835698331416]};MEDIATHEQUE;ALL JACQUES CHABAN DELMAS;1
43.6062040241, 1.45491047374;{"type": "Point", "coordinates": [1.454910473736162, 43.60620402414023]};PERI -  MERCADIER;RUE GABRIEL PERI;30
43.6041843287, 1.44540497478;{"type": "Point", "coordinates": [1.445404974778521, 43.60418432874575]};POIDS DE L'HUILE;RUE DU POIDS DE L HUILE;12
43.5975150929, 1.42871240964;{"type": "Point", "coordinates": [1.428712409642751, 43.59751509289101]};BILLIERES  -  CHAMPETRE;AV ETIENNE BILLIERES;12
43.6126252093, 1.43825513213;{"type": "Point", "coordinates": [1.438255132127178, 43.61262520927727]};SERRES -  ARNAUD BERNARD;AV HONORE SERRES;33
43.5881822541, 1.44644310151;{"type": "Point", "coordinates": [1.446443101507884, 43.58818225405043]};ST MICHEL -  NOTRE DAME;GRANDE-RUE SAINT MICHEL;50
43.5886263725, 1.45065274572;{"type": "Point", "coordinates": [1.450652745717901, 43.588626372491916]};PLACE DU BUSCA;PL DU BUSCA;2
43.5897092409, 1.45595100743;{"type": "Point", "coordinates": [1.455951007426744, 43.589709240949524]};DEMOISELLES - BEGUE;RUE BEGUE DAVID;1
43.5935151103, 1.42999124571;{"type": "Point", "coordinates": [1.429991245708002, 43.59351511032752]};SAINTE LUCIE;RUE SAINTE LUCIE;38
43.5873472491, 1.41790377357;{"type": "Point", "coordinates": [1.417903773571825, 43.58734724910386]};METRO FONTAINE LESTANG;RUE HENRI DESBALS;239
43.6138959451, 1.42501290897;{"type": "Point", "coordinates": [1.425012908972602, 43.613895945061365]};GOUNOD GARROS;RUE CHARLES GOUNOD;27
43.6165650723, 1.4441064803;{"type": "Point", "coordinates": [1.444106480297866, 43.616565072349076]};COLLIGNON;AV FRANCOIS COLLIGNON;0000
43.578605701, 1.45026091781;{"type": "Point", "coordinates": [1.450260917807729, 43.578605700967266]};JULES JULIEN DEVIC;AV JULES JULIEN;96
43.5802832567, 1.4548627845;{"type": "Point", "coordinates": [1.454862784503226, 43.58028325669615]};ITALIE;AV D ITALIE;49
43.6231013627, 1.4587217286;{"type": "Point", "coordinates": [1.458721728603836, 43.623101362692644]};BONNEFOY LEMAITRE;RUE DU FAUBOURG BONNEFOY;183
43.6398670499, 1.45228507176;{"type": "Point", "coordinates": [1.452285071755725, 43.63986704989843]};METRO BOURGES MAUNOURY;AV MAURICE BOURGES MAUNOURY;00
43.6332180523, 1.45073775462;{"type": "Point", "coordinates": [1.450737754621806, 43.63321805232238]};BOURGES MAUNOURY SEGLA;AV MAURICE BOURGES MAUNOURY;25
43.6241068134, 1.45467901612;{"type": "Point", "coordinates": [1.454679016117745, 43.624106813350316]};LAPUJADE FLANDRES;CHE DE LAPUJADE;98
43.5979952378, 1.42016702487;{"type": "Point", "coordinates": [1.420167024865603, 43.597995237767186]};BARRIERE DE BAYONNE;BRE DE BAYONNE;2
43.5792466903, 1.41089487523;{"type": "Point", "coordinates": [1.410894875225018, 43.579246690338906]};DESBALS BACHAGA BOUALAM;IMP DU BACHAGA BOUALAM;1
43.5797488883, 1.48083180351;{"type": "Point", "coordinates": [1.480831803508152, 43.57974888829363]};POTEZ SAINT EXUPERY;AV ANTOINE DE ST EXUPERY;256
43.5835433232, 1.47006075485;{"type": "Point", "coordinates": [1.470060754846353, 43.583543323205994]};PETIT PRINCE SAINT EXUPERY;AV DU PETIT PRINCE;2
43.5860888192, 1.48294081415;{"type": "Point", "coordinates": [1.482940814150452, 43.58608881921667]};FIRMIS;CHE DE LA TERRASSE;42
43.6007100776, 1.46731232251;{"type": "Point", "coordinates": [1.467312322507971, 43.60071007760379]};PUJOL CHAUBET;AV CAMILLE PUJOL;129
43.5607377847, 1.46303076986;{"type": "Point", "coordinates": [1.463030769857762, 43.56073778472174]};METRO UPS;RTE DE NARBONNE;118
43.5741765862, 1.46240924557;{"type": "Point", "coordinates": [1.462409245571472, 43.57417658621018]};METRO RANGUEIL;RUE EMILE GUYOU;00
43.6355844115, 1.46426701173;{"type": "Point", "coordinates": [1.464267011733671, 43.63558441150925]};CROIX DAURADE BIBLIOTHEQUE;CHE DE NICOL;164
43.6337548603, 1.43754039953;{"type": "Point", "coordinates": [1.43754039952603, 43.633754860257014]};RAIMBAUD COLETTE;RUE ARTHUR RIMBAUD;4
43.5664782977, 1.4752688693;{"type": "Point", "coordinates": [1.475268869303664, 43.56647829767924]};BELIN SUP AERO;AV EDOUARD BELIN;10
43.5702108174, 1.47340687835;{"type": "Point", "coordinates": [1.473406878346228, 43.57021081744567]};BELIN ONERA;AV EDOUARD BELIN;4
43.5960291075, 1.41021964502;{"type": "Point", "coordinates": [1.410219645018862, 43.59602910752573]};ELLA MAILLART - ROQUEMAUREL;RUE ELLA MAILLART;8
43.6449599546, 1.4337959573;{"type": "Point", "coordinates": [1.433795957304997, 43.64495995459231]};DUCLOS;RUE LEONCE DUCLOS;
43.6007058528, 1.48358375361;{"type": "Point", "coordinates": [1.483583753609405, 43.60070585275289]};CHÂTEAU DE L'HERS;CHE DU CHATEAU DE L HERS;
43.5739907257, 1.41948032091;{"type": "Point", "coordinates": [1.419480320911957, 43.57399072565035]};GALLIENI;RTE DE SEYSSES;
43.5736943993, 1.41398810198;{"type": "Point", "coordinates": [1.413988101976133, 43.57369439932622]};TOURAINE;RUE DE LA TOURAINE;
43.6065621497, 1.41414761263;{"type": "Point", "coordinates": [1.414147612626487, 43.60656214972313]};WAGNER;BD RICHARD WAGNER;
43.601868123, 1.440327774;{"type": "Point", "coordinates": [1.440327773995018, 43.60186812301119]};PLACE DE LA DAURADE;PL DE LA DAURADE;2
43.6001760982, 1.45479063784;{"type": "Point", "coordinates": [1.454790637835037, 43.600176098244276]};PLACE DUPUY;PL DOMINIQUE MARTIN DUPUY;14
43.6040791182, 1.45015368757;{"type": "Point", "coordinates": [1.450153687570846, 43.604079118183876]};CARNOT - LABEDA;BD LAZARE CARNOT;63
43.5968525411, 1.45265398793;{"type": "Point", "coordinates": [1.452653987927738, 43.596852541119475]};VERDIER - GRAND ROND;ALL FORAIN FRANCOIS VERDIER;2
43.5926608264, 1.44314720709;{"type": "Point", "coordinates": [1.443147207094419, 43.59266082640911]};FEUGA;ALL PAUL FEUGA;11
43.6092360377, 1.43201717289;{"type": "Point", "coordinates": [1.43201717288516, 43.60923603771844]};LASCROSSES -  LECLERC;BD LASCROSSES;47
43.605654716, 1.42824720785;{"type": "Point", "coordinates": [1.428247207846002, 43.60565471597661]};SEJOURNE  -  AMIDONNIERS;AV PAUL SEJOURNE;2
43.6068755457, 1.43072063283;{"type": "Point", "coordinates": [1.430720632828122, 43.606875545667826]};LECLERC -  BARCELONE;BD DU MARECHAL LECLERC;2
43.6085736107, 1.43476567042;{"type": "Point", "coordinates": [1.434765670415266, 43.60857361067331]};DUPORTAL -  CITE ADMINISTRATIVE;BD ARMAND DUPORTAL;41
43.6062917135, 1.44822915254;{"type": "Point", "coordinates": [1.448229152543219, 43.60629171348045]};STRASBOURG - JAURES;BD DE STRASBOURG;4
43.6115693219, 1.43966733129;{"type": "Point", "coordinates": [1.439667331287611, 43.61156932186512]};ARCOLE -  BALANCE;BD D ARCOLE;48
43.6064117784, 1.4477401399;{"type": "Point", "coordinates": [1.447740139903808, 43.60641177843155]};STRASBOURG  - SARDANE;BD DE STRASBOURG;7
43.5906437946, 1.45332605356;{"type": "Point", "coordinates": [1.453326053558883, 43.59064379455836]};DEMOISELLES - MISTRAL;ALL DES DEMOISELLES;8
43.6090407826, 1.44109967115;{"type": "Point", "coordinates": [1.441099671153314, 43.60904078255629]};SAINT SERNIN -  GATIEN ARNOULT;RUE GATIEN ARNOULT;2
43.6051683858, 1.44939724813;{"type": "Point", "coordinates": [1.449397248134244, 43.60516838575626]};CARNOT  - PERI;BD LAZARE CARNOT;62
43.597417561, 1.44527793081;{"type": "Point", "coordinates": [1.445277930811578, 43.597417560995424]};PLACE DES CARMES;PL DES CARMES;37
43.5952289038, 1.44538657568;{"type": "Point", "coordinates": [1.445386575675429, 43.59522890381574]};NAZARETH -  LANGUEDOC;RUE DU LANGUEDOC;12
43.5963147592, 1.43214373954;{"type": "Point", "coordinates": [1.43214373954457, 43.59631475916914]};FITTE - TEINTURIERS;ALL CHARLES DE FITTE;40
43.5996760522, 1.42937135576;{"type": "Point", "coordinates": [1.429371355762313, 43.59967605222173]};FITTE - VARSI;ALL CHARLES DE FITTE;89B
43.6045672253, 1.45371722347;{"type": "Point", "coordinates": [1.453717223468109, 43.60456722531138]};COLOMBETTE;RUE DE LA COLOMBETTE;41
43.6096633889, 1.44695335979;{"type": "Point", "coordinates": [1.446953359788837, 43.60966338894312]};PLACE JEANNE D'ARC;RUE RAYMOND IV;1
43.6134349949, 1.4464126268;{"type": "Point", "coordinates": [1.446412626795891, 43.61343499494999]};CONCORDE -  PRINTEMPS;RUE DE LA CONCORDE;61
43.6131507875, 1.44133703617;{"type": "Point", "coordinates": [1.441337036173361, 43.613150787524766]};CHALETS;RUE DES CHALETS;31
43.6103128937, 1.42043916058;{"type": "Point", "coordinates": [1.420439160583489, 43.61031289373878]};BARCELONE - PONT JUMEAUX;ALL DE BARCELONE;152
43.5857568059, 1.44743391705;{"type": "Point", "coordinates": [1.447433917047822, 43.58575680588423]};MAISON D'ARRET ST MICHEL;GRANDE-RUE SAINT MICHEL;18B
43.6207081615, 1.43561908265;{"type": "Point", "coordinates": [1.435619082652628, 43.62070816147821]};MINIMES - MARCHE AU COCHONS;AV DES MINIMES;71
43.6122930907, 1.42883016992;{"type": "Point", "coordinates": [1.428830169917536, 43.612293090696156]};SEBASTOPOL -  RITAY;RUE DE SEBASTOPOL;9
43.6027229937, 1.44203223441;{"type": "Point", "coordinates": [1.442032234407058, 43.60272299374425]};SAINTE URSULE;RUE SAINTE URSULE;19
43.6010480572, 1.4203478302;{"type": "Point", "coordinates": [1.420347830199796, 43.60104805722361]};BRUNHES FONTAINES;BD JEAN BRUNHES;45
43.5917190995, 1.41863010579;{"type": "Point", "coordinates": [1.418630105793508, 43.59171909950858]};EMILE MALE;PL EMILE MALE;4
43.5816721747, 1.4136357547;{"type": "Point", "coordinates": [1.413635754695333, 43.58167217467735]};DESBALS SAINTONGE;RUE HENRI DESBALS;145
43.6159726368, 1.42161129479;{"type": "Point", "coordinates": [1.421611294792214, 43.61597263676532]};SUISSE LAUSANNE;BD DE SUISSE;62
43.5899290277, 1.44176111028;{"type": "Point", "coordinates": [1.441761110275804, 43.589929027698595]};HOTEL DE REGION;RUE DES GALLOIS;4
43.5837632998, 1.44334213459;{"type": "Point", "coordinates": [1.443342134591299, 43.583763299798996]};RECOLLETS;BD DES RECOLLETS;34
43.5732974515, 1.45248014105;{"type": "Point", "coordinates": [1.452480141048672, 43.57329745147784]};THEATRE JULES JULIEN;AV DES ECOLES JULES JULIEN;21
43.6174462077, 1.46548404807;{"type": "Point", "coordinates": [1.465484048070374, 43.61744620767925]};BAILLAUD BRUNAUD;RUE BENJAMIN BAILLAUD;64
43.6272417142, 1.46929476649;{"type": "Point", "coordinates": [1.469294766486273, 43.62724171416937]};MICHOUN LIPPMAN;CHE MICHOUN;70
43.5948884851, 1.41508282242;{"type": "Point", "coordinates": [1.415082822422465, 43.59488848506208]};LOMBEZ PETITE VITESSE;AV DE LOMBEZ;59
43.5973230436, 1.45896112631;{"type": "Point", "coordinates": [1.458961126308663, 43.5973230436196]};LAROUSSE RIEUX;AV JEAN RIEUX;4
43.5790375966, 1.48362912378;{"type": "Point", "coordinates": [1.483629123780259, 43.579037596631146]};PLACE DE L ORMEAU;AV JEAN RIEUX;345
43.5940543455, 1.46509048333;{"type": "Point", "coordinates": [1.465090483334295, 43.594054345478035]};LEYGUE RIEUX;AV ARMAND LEYGUE;20
43.5834787323, 1.48776554499;{"type": "Point", "coordinates": [1.487765544990906, 43.58347873226023]};LE DORMEUR LA TERRASSE;RUE LE DORMEUR;9
43.5962276702, 1.47345400582;{"type": "Point", "coordinates": [1.473454005820446, 43.59622767021038]};LAFILAIRE DELTOUR;CHE DE LAFILAIRE;25
43.5714904569, 1.46269876706;{"type": "Point", "coordinates": [1.462698767055692, 43.57149045693434]};IUT RANGUEIL;AV DE RANGUEIL;129
43.6327222473, 1.43174888303;{"type": "Point", "coordinates": [1.431748883026052, 43.63272224733928]};ETATS UNIS FERRY;AV DES ETATS UNIS;96
43.6256234436, 1.43967698797;{"type": "Point", "coordinates": [1.439676987970639, 43.62562344360243]};CURIE CAMPISTRON;BD PIERRE ET MARIE CURIE;88
43.596403203, 1.45660377248;{"type": "Point", "coordinates": [1.45660377248074, 43.5964032030102]};PORT SAINT SAUVEUR;PORT SAINT SAUVEUR;22
43.56498489, 1.47817624528;{"type": "Point", "coordinates": [1.478176245283141, 43.564984890032704]};BELIN E.N.A.C.;AV DU COLONEL ROCHE;4
43.5572334845, 1.46526500951;{"type": "Point", "coordinates": [1.465265009512586, 43.55723348445284]};NARBONNE IUFM;RTE DE NARBONNE;217
43.5930535519, 1.41455354456;{"type": "Point", "coordinates": [1.41455354456212, 43.593053551949865]};11 NOVEMBRE 1918;RUE DU ONZE NOVEMBRE 1918;00
43.6183476315, 1.43671552908;{"type": "Point", "coordinates": [1.436715529078408, 43.61834763147809]};MINIMES - SAINTE FAMILLE;AV DES MINIMES;22
43.6425484124, 1.45623608611;{"type": "Point", "coordinates": [1.456236086113464, 43.6425484124095]};BORDEROUGE;CHE DE BORDEROUGE;
43.6354376042, 1.47283321498;{"type": "Point", "coordinates": [1.472833214981831, 43.63543760423117]};VASSEUR;RUE ANDRE VASSEUR;
43.5680280611, 1.4133482223;{"type": "Point", "coordinates": [1.41334822229747, 43.568028061105046]};BORDELONGUE;PAS DU CANAL DE BORDELONGUE;
43.5898907213, 1.37784158963;{"type": "Point", "coordinates": [1.377841589633064, 43.58989072132924]};PLACE SAUVEGRAIN;PL JACQUES SAUVEGRAIN;
43.6136241579, 1.40137704449;{"type": "Point", "coordinates": [1.401377044489208, 43.61362415786559]};ESPAGNO;AV DE CASSELARDIT;
